Workbook
Name State: 'sales region lookup'!$A:$A

Sheet by search
A1: RegionID | B1: Region | C1: Hamburger | D1: Milkshake | E1: Breakup | G1: # of Regions | H1: =COUNTA(B2:B52) -> 51 | J1: date range | K1: 2/1/24 - 2/28/25
A2: 1 | B2: Alabama | C2: 0.65 | D2: 0.23 | E2: 0.12
A3: 2 | B3: Alaska | C3: 0.72 | D3: 0.15 | E3: 0.13
A4: 3 | B4: Arizona | C4: 0.67 | D4: 0.19 | E4: 0.14
A5: 4 | B5: Arkansas | C5: 0.68 | D5: 0.2 | E5: 0.12
A6: 5 | B6: California | C6: 0.65 | D6: 0.2 | E6: 0.15
A7: 6 | B7: Colorado | C7: 0.68 | D7: 0.18 | E7: 0.14
A8: 7 | B8: Connecticut | C8: 0.64 | D8: 0.22 | E8: 0.14
A9: 8 | B9: Delaware | C9: 0.62 | D9: 0.25 | E9: 0.13
A10: 9 | B10: District of Columbia | C10: 0.68 | D10: 0.16 | E10: 0.16
A11: 10 | B11: Florida | C11: 0.64 | D11: 0.22 | E11: 0.14
A12: 11 | B12: Georgia | C12: 0.65 | D12: 0.21 | E12: 0.14
A13: 12 | B13: Hawaii | C13: 0.72 | D13: 0.15 | E13: 0.13
... A52: 51 | B52: Wyoming | C52: 0.71 | D52: 0.16 | E52: 0.13

Sheet by state
A1: Region | B1: Alabama | C1: Alaska | D1: Arizona | E1: Arkansas | F1: California | G1: Colorado | H1: Connecticut | I1: Delaware | J1: District of Columbia | K1: Florida | L1: Georgia | M1: Hawaii | N1: Idaho | O1: Illinois | P1: Indiana | Q1: Iowa | R1: Kansas | S1: Kentucky | T1: Louisiana | U1: Maine | V1: Maryland | W1: Massachusetts | X1: Michigan | Y1: Minnesota | Z1: Mississippi | AA1: Missouri | AB1: Montana | AC1: Nebraska | AD1: Nevada | AE1: New Hampshire | AF1: New Jersey | AG1: New Mexico | AH1: New York | AI1: North Carolina | AJ1: North Dakota | AK1: Ohio | AL1: Oklahoma | AM1: Oregon | AN1: Pennsylvania | AO1: Rhode Island | AP1: South Carolina | AQ1: South Dakota | AR1: Tennessee | AS1: Texas | AT1: Utah | AU1: Vermont | AV1: Virginia | AW1: Washington | AX1: West Virginia | AY1: Wisconsin | AZ1: Wyoming
A2: Hamburger | B2: 0.65 | C2: 0.72 | D2: 0.67 | E2: 0.68 | F2: 0.65 | G2: 0.68 | H2: 0.64 | I2: 0.62 | J2: 0.68 | K2: 0.64 | L2: 0.65 | M2: 0.72 | N2: 0.69 | O2: 0.62 | P2: 0.63 | Q2: 0.68 | R2: 0.67 | S2: 0.63 | T2: 0.65 | U2: 0.7 | V2: 0.62 | W2: 0.62 | X2: 0.67 | Y2: 0.68 | Z2: 0.69 | AA2: 0.67 | AB2: 0.74 | AC2: 0.7 | AD2: 0.67 | AE2: 0.68 | AF2: 0.61 | AG2: 0.67 | AH2: 0.63 | AI2: 0.65 | AJ2: 0.69 | AK2: 0.63 | AL2: 0.68 | AM2: 0.7 | AN2: 0.61 | AO2: 0.64 | AP2: 0.66 | AQ2: 0.76 | AR2: 0.65 | AS2: 0.66 | AT2: 0.65 | AU2: 0.69 | AV2: 0.65 | AW2: 0.66 | AX2: 0.64 | AY2: 0.67 | AZ2: 0.71
A3: Milkshake | B3: 0.23 | C3: 0.15 | D3: 0.19 | E3: 0.2 | F3: 0.2 | G3: 0.18 | H3: 0.22 | I3: 0.25 | J3: 0.16 | K3: 0.22 | L3: 0.21 | M3: 0.15 | N3: 0.18 | O3: 0.23 | P3: 0.23 | Q3: 0.18 | R3: 0.19 | S3: 0.23 | T3: 0.21 | U3: 0.17 | V3: 0.23 | W3: 0.21 | X3: 0.2 | Y3: 0.19 | Z3: 0.2 | AA3: 0.19 | AB3: 0.14 | AC3: 0.18 | AD3: 0.2 | AE3: 0.19 | AF3: 0.23 | AG3: 0.19 | AH3: 0.21 | AI3: 0.22 | AJ3: 0.19 | AK3: 0.24 | AL3: 0.2 | AM3: 0.17 | AN3: 0.24 | AO3: 0.23 | AP3: 0.23 | AQ3: 0.14 | AR3: 0.22 | AS3: 0.21 | AT3: 0.21 | AU3: 0.17 | AV3: 0.22 | AW3: 0.19 | AX3: 0.23 | AY3: 0.19 | AZ3: 0.16
A4: Breakup | B4: 0.12 | C4: 0.13 | D4: 0.14 | E4: 0.12 | F4: 0.15 | G4: 0.14 | H4: 0.14 | I4: 0.13 | J4: 0.16 | K4: 0.14 | L4: 0.14 | M4: 0.13 | N4: 0.13 | O4: 0.15 | P4: 0.14 | Q4: 0.14 | R4: 0.14 | S4: 0.14 | T4: 0.14 | U4: 0.13 | V4: 0.15 | W4: 0.17 | X4: 0.13 | Y4: 0.13 | Z4: 0.11 | AA4: 0.14 | AB4: 0.12 | AC4: 0.12 | AD4: 0.13 | AE4: 0.13 | AF4: 0.16 | AG4: 0.14 | AH4: 0.16 | AI4: 0.13 | AJ4: 0.12 | AK4: 0.13 | AL4: 0.12 | AM4: 0.13 | AN4: 0.15 | AO4: 0.13 | AP4: 0.11 | AQ4: 0.1 | AR4: 0.13 | AS4: 0.13 | AT4: 0.14 | AU4: 0.14 | AV4: 0.13 | AW4: 0.15 | AX4: 0.13 | AY4: 0.14 | AZ4: 0.13

Sheet sales region lookup
A1: State | B1: Sales Region | C1: Hamburger | D1: Milkshake
A2: Washington | B2: Northwest | C2: =VLOOKUP(A2,'by search'!B:C,2,FALSE) -> 0.66 | D2: =_xlfn.XLOOKUP(A2,'by search'!B1:B52,'by search'!D1:D52,"not found") -> 0.19
A3: Oregon | B3: Northwest | C3: =VLOOKUP(A3,'by search'!B:C,2,FALSE) -> 0.7 | D3: =_xlfn.XLOOKUP(A3,'by search'!B2:B53,'by search'!D2:D53,"not found") -> 0.17
A4: Idaho | B4: Northwest | C4: =VLOOKUP(A4,'by search'!B:C,2,FALSE) -> 0.69 | D4: =_xlfn.XLOOKUP(A4,'by search'!B3:B54,'by search'!D3:D54,"not found") -> 0.18
A5: Montana | B5: Northwest | C5: =VLOOKUP(A5,'by search'!B:C,2,FALSE) -> 0.74 | D5: =_xlfn.XLOOKUP(A5,'by search'!B4:B55,'by search'!D4:D55,"not found") -> 0.14
A6: North Dakota | B6: North Central | C6: =VLOOKUP(A6,'by search'!B:C,2,FALSE) -> 0.69 | D6: =_xlfn.XLOOKUP(A6,'by search'!B5:B56,'by search'!D5:D56,"not found") -> 0.19
A7: South Dakota | B7: North Central | C7: =VLOOKUP(A7,'by search'!B:C,2,FALSE) -> 0.76 | D7: =_xlfn.XLOOKUP(A7,'by search'!B6:B57,'by search'!D6:D57,"not found") -> 0.14
A8: Nebraska | B8: North Central | C8: =VLOOKUP(A8,'by search'!B:C,2,FALSE) -> 0.7 | D8: =_xlfn.XLOOKUP(A8,'by search'!B7:B58,'by search'!D7:D58,"not found") -> 0.18
A9: Minnesota | B9: North Central | C9: =VLOOKUP(A9,'by search'!B:C,2,FALSE) -> 0.68 | D9: =_xlfn.XLOOKUP(A9,'by search'!B8:B59,'by search'!D8:D59,"not found") -> 0.19
A10: Wisconsin | B10: North Central | C10: =VLOOKUP(A10,'by search'!B:C,2,FALSE) -> 0.67 | D10: =_xlfn.XLOOKUP(A10,'by search'!B9:B60,'by search'!D9:D60,"not found") -> 0.19
A11: Michigan | B11: North Central | C11: =VLOOKUP(A11,'by search'!B:C,2,FALSE) -> 0.67 | D11: =_xlfn.XLOOKUP(A11,'by search'!B10:B61,'by search'!D10:D61,"not found") -> 0.2
A13: Sales Region | B13: (All)
A15: Row Labels | B15: Sum of Hamburger | C15: Sum of Milkshake
A16: Idaho | B16: 0.69 | C16: 0.18
A17: Michigan | B17: 0.67 | C17: 0.2
A18: Minnesota | B18: 0.68 | C18: 0.19
A19: Montana | B19: 0.74 | C19: 0.14
A20: Nebraska | B20: 0.7 | C20: 0.18
A21: North Dakota | B21: 0.69 | C21: 0.19
A22: Oregon | B22: 0.7 | C22: 0.17
A23: South Dakota | B23: 0.76 | C23: 0.14
A24: Washington | B24: 0.66 | C24: 0.19
A25: Wisconsin | B25: 0.67 | C25: 0.19
A26: Grand Total | B26: 6.96 | C26: 1.77
